{
  "_meta": {
    "sources": [
      "loopback/common/models",
      "loopback/server/models",
      "../common/models",
      "./models"
    ],
    "mixins": [
      "loopback/common/mixins",
      "loopback/server/mixins",
      "../common/mixins",
      "./mixins"
    ]
  },
  "User": {
    "dataSource": "db"
  },
  "AccessToken": {
    "dataSource": "db",
    "public": false
  },
  "ACL": {
    "dataSource": "db",
    "public": false
  },
  "RoleMapping": {
    "dataSource": "db",
    "public": false,
    "options": {
      "strictObjectIDCoercion": true
    }
  },
  "Role": {
    "dataSource": "db",
    "public": false
  },
  "v_AutoSaveLocalUserGroup": {
    "dataSource": "WWACVQAS",
    "public": true
  },
  "v_AutoCompareComputerInfo": {
    "dataSource": "WWACVQAS",
    "public": true
  },
  "v_specificApp": {
    "dataSource": "WWACVQAS",
    "public": true
  },
  "v_AutoSavePatchInfo": {
    "dataSource": "WWACVQAS",
    "public": true
  },
  "ACVUserAuthority": {
    "dataSource": "WWACVQAS",
    "public": true
  },
  "AutoEOSversion": {
    "dataSource": "WWACVQAS",
    "public": true
  },
  "AutoAPPversion": {
    "dataSource": "WWACVQAS",
    "public": true
  },
  "v_AutoOfcversion": {
    "dataSource": "WWACVQAS",
    "public": true
  },
  "v_AutoAPPnamekey": {
    "dataSource": "WWACVQAS",
    "public": true
  },
  "v_AutoWINversion": {
    "dataSource": "WWACVQAS",
    "public": true
  },
  "AutoWINversion": {
    "dataSource": "WWACVQAS",
    "public": true
  },
  "v_admintotal": {
    "dataSource": "WWACVQAS",
    "public": true
  },
  "v_admintotaldaybefore": {
    "dataSource": "WWACVQAS",
    "public": true
  },
  "v_UltiomServertotal": {
    "dataSource": "WWACVQAS",
    "public": true
  },
  "v_TwoUltiomServertotal": {
    "dataSource": "WWACVQAS",
    "public": true
  },
  "v_Computername": {
    "dataSource": "WWACVQAS",
    "public": true
  }
}
