{
  "name": "v_AutoCompareComputerInfo",
  "base": "PersistedModel",
  "idInjection": true,
  "options": {
    "validateUpsert": true
  },
  "properties": {
    "ComputerName": {
      "type": "string",
      "id": true
    },
    "ipaddress": {
      "type": "string"
    },
    "updatedate": {
      "type": "date"
    },
    "osversion": {
      "type": "string"
    },
    "ofcntrtscan": {
      "type": "string"
    },
    "ofctmlisten": {
      "type": "string"
    },
    "ofcversion": {
      "type": "string"
    },
    "cpu": {
      "type": "string"
    },
    "memory": {
      "type": "string"
    },
    "hdddrivesname": {
      "type": "string"
    },
    "hddsize": {
      "type": "string"
    },
    "Sitename": {
      "type": "string"
    }
  },
  "validations": [],
  "relations": {},
  "acls": [],
  "methods": {}
}
