{
  "name": "v_AutoSaveLocalUserGroup",
  "base": "PersistedModel",
  "options": {
    "validateUpsert": true
  },
  "properties": {
    "computername": {
      "type": "string",
      "id": true
    },
    "username": {
      "type": "string"
    },
    "createdate": {
      "type": "string"
    },
    "updatedate": {
      "type": "string"
    },
    "userstate": {
      "type": "string"
    },
    "userexpire": {
      "type": "string"
    },
    "setpsdate": {
      "type": "string"
    },
    "psenddate": {
      "type": "string"
    },
    "Sitename": {
      "type": "string"
    }
  },
  "validations": [],
  "relations": {},
  "acls": [],
  "methods": {}
}
