{
  "name": "v_AutoSavePatchInfo",
  "base": "PersistedModel",
  "idInjection": true,
  "options": {
    "validateUpsert": true
  },
  "properties": {
    "computername": {
      "type": "string",
      "id": true
    },
    "setvalue": {
      "type": "string"
    },
    "actualvalue": {
      "type": "string"
    },
    "createdate": {
      "type": "date"
    },
    "updatedate": {
      "type": "date"
    },
    "installuser": {
      "type": "string"
    },
    "installdate": {
      "type": "date"
    },
    "Sitename": {
      "type": "string"
    }
  },
  "validations": [],
  "relations": {},
  "acls": [],
  "methods": {}
}
