{
  "name": "v_TwoUltiomServertotal",
  "base": "PersistedModel",
  "idInjection": true,
  "options": {
    "validateUpsert": true
  },
  "properties": {
    "ComputerName": {
      "type": "string",
      "id": true
    },
    "osversion": {
      "type": "string"
    },
    "updatedate": {
      "type": "date"
    },
    "cpu": {
      "type": "string"
    },
    "memory": {
      "type": "string"
    },
    "hdddrivesname": {
      "type": "string"
    },
    "hddsize": {
      "type": "string"
    },
    "Sitename": {
      "type": "string"
    }
  },
  "validations": [],
  "relations": {},
  "acls": [],
  "methods": {}
}
